repair_order_id,vin,customer_id,dealer_id,part_id,price,labor_hours,repair_date,warranty_flag
29198,P6SBC9G59VT4EDRE9,62593,96047,21110,732.53,4.25,2022-02-21 16:16:24.233863,0
40788,0CTNPZ3DP8JF3XS18,16082,95966,,726.53,3.92,2021-09-09 18:35:27.011388,1
57683,L3RUKP3AQVNPYM5BB,13375,65674,,905.82,3.16,2022-04-04 05:05:16.760872,1
62451,A15848T16LC2QUM6O,73345,27372,09776,760.64,2.02,2023-05-21 12:23:20.337247,1
94823,S2AUR9FT08FYHTQD3,45350,87524,08902,591.65,4.01,2023-09-19 20:45:04.445742,0
47449,3MNI3U1XZB6JQ42TI,27728,52910,74261,476.24,1.45,2025-05-28 18:54:25.020886,0
07875,5YWMMRX75XGFI7HTK,83766,93527,31407,259.73,0.88,2021-08-25 02:15:13.967815,1
32907,7WYO6U4M805PK28VN,24628,90723,16292,828.17,4.58,2022-02-21 15:25:47.541262,1
54924,X5PN6A8ZOO2NNKR1G,37406,65674,96530,479.31,3.62,2025-05-27 11:40:46.251635,0
18462,ND21CYJDU9AB8DT0O,36399,12048,37007,273.49,1.21,2021-09-05 10:11:58.187807,1
31099,LW9M5OMKP8PAEJQ8L,04325,34625,,240.22,1.32,2020-06-07 23:05:14.940998,1
03465,O4O16HKRAJCY2C8DJ,36129,12048,,230.69,3.11,2020-05-01 17:06:14.064868,1
79668,RMSAWL5V2XJLNB8FA,43007,40634,16417,298.07,2.65,2020-09-05 22:01:10.825157,1
54490,JDO6OE8K1WROFBJUG,98687,42259,81739,517.41,4.26,2020-10-20 21:20:08.882457,0
86406,FCRU1Q9XGSIUF791H,86579,97186,96132,875.06,2.26,2021-08-06 13:44:32.727607,1
68188,CQ5XENYS8YS3W4DM2,98247,21066,67596,121.79,1.23,2025-08-05 20:33:32.470589,0
83882,ZGXR3JR9CWRLW4G94,86579,95084,,835.97,1.48,2020-05-10 14:47:49.031851,0
16043,PMFEBDMDTL39RQ3GM,90250,71243,,919.38,1.55,2021-06-10 05:59:54.829803,1
33960,YKU6EVO5BXIXSKRQU,62593,71209,93672,669.27,3.57,2021-06-27 23:44:14.366340,0
03091,ND21CYJDU9AB8DT0O,56527,39207,,322.45,4.58,2024-09-13 22:12:20.623470,1
82531,W9VZXHK5881MP33RG,00927,61535,54312,356.24,,2025-11-01 23:11:03.013771,0
08200,1P05KNRQVUWHHJ98S,12334,96047,67087,754.39,4.98,2023-06-07 00:20:23.946536,0
91450,4QUG8AGX4AQ1096Y8,38460,31856,92272,225.51,4.34,2020-12-26 23:55:40.997867,1
47061,EAO4PFGHJADLHZ7S3,51137,87524,08265,723.91,4.55,2020-07-20 08:08:14.128838,1
99005,1P05KNRQVUWHHJ98S,54252,38825,37714,501.56,4.97,2022-08-03 10:40:09.652169,0
03700,FUQ3D8UBTN0AJ1WEO,21030,96047,16292,665.17,,2024-11-21 01:33:13.633437,0
71937,1YPN5AKSI4KX5L7EK,11412,31856,64430,952.25,,2022-12-29 10:58:55.798423,1
46615,XP2E65ZMS3BJ0I447,10540,87239,71105,706.92,4.28,2023-02-03 05:05:33.139077,1
33985,54YC0EKG8AC0HK2YZ,62593,27372,82007,558.43,0.7,2023-02-04 15:24:02.875435,0
68064,KYXK6TLNZ6T5MS8OQ,00927,68988,75267,292.7,2.64,2020-12-20 10:36:34.723926,1
31543,UB9GY654BBGKW2SDN,98247,24557,35848,223.32,4.1,2023-11-19 15:55:20.836147,0
58860,N06U9VD7XFD9RZOFR,40910,97186,90700,772.08,4.34,2025-09-02 11:02:13.406293,0
23480,BJIOYZSAWBX9XCD4L,62593,43041,45426,504.71,2.2,2023-12-08 02:30:23.538508,0
36001,I33ITSN5EM4ZJTG16,97235,38019,99602,830.94,3.38,2024-10-17 03:17:44.065135,1
92063,M2C0SZY44MXWZ95H2,57438,55313,55854,245.52,,2022-10-28 00:25:52.495387,0
84495,I33ITSN5EM4ZJTG16,60691,65674,35848,149.08,2.54,2020-07-24 11:01:12.285948,0
39027,1KU1Y438NMLZBDJZJ,00305,31276,49153,470.84,,2021-11-04 07:33:33.282771,0
21738,0LFZV39V336IJSHQG,76627,95966,,225.87,3.73,2024-12-05 21:46:26.929817,1
24866,ZB4O3COKDXM5VMVM1,81518,04571,38739,596.19,1.74,2022-07-24 23:29:48.622266,0
71851,FAROPZPZHWNFXCU2V,45770,76724,10845,660.01,2.87,2021-06-16 18:21:18.888704,1
37019,O4U1X8S742XPJ8YZX,55320,53573,,120.58,,2022-01-02 20:58:26.652591,0
49353,2YS42TWZQIXPPJN95,12334,34625,,210.4,2.93,2023-11-11 17:52:03.138037,0
64961,4QUG8AGX4AQ1096Y8,26106,57649,82268,459.41,3.25,2023-11-19 17:53:02.533268,1
44889,EAO4PFGHJADLHZ7S3,52799,29553,23601,821.29,2.27,2020-03-20 05:04:21.463633,0
14012,IXU267GR7AT61SBCQ,11814,53573,36185,249.35,3.18,2020-03-01 12:52:49.918875,1
20894,VVYVDBXGZ5DL3GN5V,89224,77013,16292,377.64,4.36,2023-03-19 06:59:50.819091,0
27453,4BZ2ZK8DB127GN5MZ,11412,76167,51304,959.35,2.3,2020-01-05 22:09:18.679038,0
97371,P1H4IU42F87GVH7XR,65285,63632,71627,434.98,4.69,2023-12-20 07:38:25.373578,0
54786,B0L5YF52H1ESZ32Y8,22066,86365,65682,691.91,,2021-05-13 19:34:45.302058,1
88389,K0MG4SLY2IXMBJGSB,38460,67720,,779.82,,2022-04-19 15:17:51.232952,1
21022,5YWMMRX75XGFI7HTK,30062,48709,28400,335.3,2.52,2021-02-03 15:00:12.421125,0
51800,UB9GY654BBGKW2SDN,65285,52910,,896.14,3.2,2021-03-25 01:52:49.084501,1
98212,5NI0CDVTQB830QBOI,43007,04571,91782,537.61,0.77,2023-04-20 01:56:17.646598,1
44812,7XPQNJD79KZ6ZZG20,36399,61535,08265,701.49,3.19,2024-01-22 22:48:08.212622,1
64974,I52O03BD95H2QYC5A,18085,43041,82225,381.19,1.94,2023-12-11 10:51:12.827749,1
42437,9YCM2IQD1LQB7QDPL,56527,77371,,734.07,1.4,2024-08-20 17:11:13.837790,1
57040,26270XJJ6JOCRXHRS,18425,34625,34471,198.42,,2025-04-05 04:56:54.333035,0
75985,EGRIBHZBZ6WVQX093,41136,40634,,602.61,1.5,2023-10-30 04:35:16.792550,1
66714,FUQ3D8UBTN0AJ1WEO,00884,46791,92913,607.45,4.54,2021-03-26 07:50:44.138969,1
14808,RMSAWL5V2XJLNB8FA,15165,20593,17768,852.08,1.22,2023-02-01 09:57:42.863457,1
08151,8D19GP79XE3FYC3UK,94540,65674,16292,571.94,1.52,2022-10-15 23:36:33.776736,0
19729,EPGP265YAA4D1PVBT,36926,21066,,128.08,0.73,2021-11-05 17:41:32.502757,0
13032,6BS1AHDSS54F3VUOF,76627,31276,35140,811.94,2.12,2021-12-18 22:58:16.643201,1
27750,L0L2X3Z5C8Y4ZM10O,74781,29553,47861,165.92,,2022-05-12 22:35:38.538853,1
90407,55F1TUI170JUKI21Z,10540,03508,08526,513.07,4.42,2022-12-06 22:16:32.775474,1
03915,DYQZDL23H7O0F9NR4,45770,87375,47478,801.83,2.58,2024-02-21 12:25:53.466564,0
21214,HD2HE9DREX1XORIHV,62318,68726,91782,225.98,0.75,2024-07-04 21:44:37.530925,0
13399,ICMUTGSD1FRZTP5T6,15165,29553,66956,431.87,1.82,2022-12-12 13:04:51.105591,1
94431,YDUS8K3EJ44W04DLH,12334,40964,67456,508.1,3.7,2021-12-31 23:26:30.013698,1
97118,LEG99AWQVIH40KIT1,97260,57649,82268,924.83,,2024-03-13 15:46:25.561202,0
64327,NZMEPS63WWIBWQO8I,04325,58322,,907.44,3.59,2020-03-29 00:39:32.392765,0
74684,X0BVVK4KMFVIBCS3X,18942,34625,35848,739.26,1.19,2020-06-21 09:52:30.081258,1
42374,E7YPDZH5NF3BSZN1Z,36952,77013,83882,672.89,1.28,2023-07-05 19:12:54.569091,1
58283,D5UI0WHPIIKNIDZYA,90250,97186,,174.93,3.62,2022-08-01 06:56:17.457689,1
65776,JXXA0GVDH0CX88ZGS,35385,43041,53354,805.77,1.37,2020-01-17 10:34:45.853344,1
04647,ONSYFQ3AFSVEJ5USU,31799,01120,83897,538.93,4.27,2020-06-27 19:19:28.571195,1
54526,Y4G8332AMSMTTHP1F,23955,67720,,907.96,4.83,2024-06-16 21:32:47.048879,1
95563,9YCM2IQD1LQB7QDPL,31799,71243,10845,526.33,4.13,2021-02-07 11:47:26.263903,1
45220,Y8BLQQGXLO044G988,90250,53573,,428.08,1.11,2023-10-02 12:53:57.091412,0
43293,4BZ2ZK8DB127GN5MZ,45770,62181,61270,366.08,1.71,2020-10-20 16:23:13.660330,0
71313,ENW9YR6MN0W89C1DF,90690,40634,82007,458.9,0.72,2023-09-20 09:00:56.590450,1
06118,X4HD4QMP628CGH831,02276,08119,16301,287.89,1.09,2025-01-03 04:43:10.286093,1
58614,HJAXHWDC21C9DLBL6,39289,61018,83882,976.46,1.56,2025-11-03 10:41:22.775980,1
96249,EPGP265YAA4D1PVBT,17990,23732,74261,830.99,4.17,2023-09-28 00:42:54.027920,0
42425,QSW2XQ4ZSIGVI0ELW,97235,96746,33477,294.93,1.22,2025-10-31 08:22:28.156353,0
19256,MP8C66X94P2ZH4SUS,76397,43041,79717,703.8,4.11,2022-10-25 01:10:36.552028,1
44839,8CCAFY23W9GV60JE3,18625,76724,15241,248.02,4.68,2022-02-04 09:59:33.665351,0
18987,KIYAW7X8GJ1Q7DWZW,74781,77811,66956,975.45,2.66,2021-10-13 05:42:09.425373,0
02619,4DRSVHSIWB4QI4HKV,32265,96746,81739,270.2,1.06,2021-01-12 01:30:47.031840,0
28735,LUAY0TY9DHHGTL71O,79057,49477,16646,881.93,,2025-08-15 20:18:56.071781,1
68977,H9EPTM8U2D8MRG54U,05736,21066,86774,128.21,0.61,2025-11-18 21:43:32.724045,1
66096,RDS9NE10FNXCTMEQL,18085,38019,16646,218.98,0.78,2021-12-10 15:40:29.075960,1
84229,NDCB9T6I0FLAST2WT,76444,71243,21541,984.31,1.56,2024-12-29 18:59:24.461330,1
39376,1A7M95W5YQ4TG7IWO,36926,45052,67087,690.77,0.55,2024-05-07 22:26:49.392138,1
73596,0J1BA8X8I7Q0EZMPV,65264,38019,60584,677.4,1.76,2023-09-25 04:31:49.899006,1
20752,FWHDT4BTACZKUEQTL,22066,74748,36185,769.73,2.48,2020-05-23 20:44:59.011069,1
35348,LXEV58QF7AXTSM2S3,36129,12048,60584,268.1,3.07,2025-08-08 23:32:13.741834,0
77398,UUJF87TMSA1COLVPQ,56527,03508,,628.17,2.29,2021-08-14 14:13:50.771722,1
48987,HUD7XQA741INBTDKK,26106,38825,,439.66,1.41,2022-08-03 02:52:36.406699,1
99266,2YS42TWZQIXPPJN95,35385,61172,08630,558.35,,2025-08-29 00:16:27.471195,0
91580,F0WH9WPPI0T1762HZ,34216,12048,16646,636.17,1.36,2021-02-17 00:32:49.862534,1
94452,LW9M5OMKP8PAEJQ8L,08044,48816,71113,263.91,4.48,2023-06-11 03:21:18.054757,0
78723,ICMUTGSD1FRZTP5T6,91940,12048,53475,105.45,3.14,2024-12-05 13:16:17.956336,1
03418,EZYASSRVGELM18RTT,34877,33556,95602,903.93,4.32,2023-04-13 00:34:22.420843,0
46968,V6C9BMKN2JMDKX0DR,02276,68988,41726,496.19,0.57,2022-04-24 22:29:56.148112,1
08039,1A7M95W5YQ4TG7IWO,45350,53573,26018,623.56,2.65,2020-04-15 19:30:55.321969,0
16973,8ME5M9UNHJLXEQHTB,21517,17837,62424,653.69,,2025-03-22 12:33:26.022269,0
90472,9O87AB0BB50PTG4KH,74781,83639,,708.61,0.82,2021-09-01 06:54:59.491569,1
87698,WNMEZXQUCJC3OVHW0,46024,42259,,484.02,,2025-11-08 06:19:43.710908,0
37103,8D19GP79XE3FYC3UK,97260,99544,31407,528.98,2.92,2022-03-15 04:18:01.910808,0
97243,5NI0CDVTQB830QBOI,35163,42259,,952.29,4.47,2025-08-06 03:03:36.909319,1
73631,1D0ZQMBPIX3T3A10I,61278,40964,,763.24,2.61,2023-12-29 06:01:31.700448,1
18415,GEY1SOPKA9FTQQ1PX,54566,71209,26958,163.81,,2020-09-14 06:08:16.756010,1
71812,52LM3V16TTB0Z4WQZ,23881,12048,,735.96,2.42,2022-05-05 07:31:00.675338,1
81996,7M8Q2J3WAUHPDDR2V,17990,28200,96932,394.82,3.88,2021-03-22 04:10:27.044285,1
89781,AVGFJ8WLNQV2UUY4M,00305,46791,,169.0,0.74,2025-08-19 23:29:22.793961,1
12418,X5PN6A8ZOO2NNKR1G,39289,24557,71627,965.0,4.09,2023-03-21 05:59:38.706914,0
73043,CQ5XENYS8YS3W4DM2,26106,68988,,617.29,4.94,2020-08-17 13:49:01.462089,1
97809,55F1TUI170JUKI21Z,36465,04571,54079,305.85,3.48,2021-06-21 14:05:06.096315,1
28766,KSONB015CCMTEW8BX,08603,21066,69138,177.95,4.02,2021-07-02 02:37:14.380099,1
14685,YZG84GPLVDKTRR1KN,54566,65954,01264,648.64,2.64,2025-04-04 10:10:30.116823,0
10277,MBAVICXEBBFSWMEJY,65916,53573,53475,244.64,3.84,2024-12-26 08:42:01.035067,1
57898,1TM5ONOMFZ6WE17WU,05007,96047,23834,357.76,4.51,2022-01-14 04:43:58.461926,1
58431,1AZ04RY3G9APGVXZA,51137,76724,,201.46,2.37,2021-03-03 00:36:19.924582,0
94390,D859TN3LYFIIDEHJT,21271,96746,,481.09,4.54,2022-11-28 09:28:56.597231,1
56544,CPE4N0EI9DMD8YR13,24582,39207,01264,235.49,3.07,2020-05-02 19:51:44.074776,1
69169,WNMEZXQUCJC3OVHW0,05736,68726,53036,750.84,1.09,2025-10-18 00:19:25.823040,1
30809,O4O16HKRAJCY2C8DJ,30062,27372,,966.34,3.57,2023-08-02 23:27:33.957398,1
98103,KU9DHQFEV9DFMDF2H,61594,09757,61966,890.27,,2025-12-28 04:34:57.339249,1
77787,GXSTDH2J0MN0P0NRY,52386,86667,,998.42,1.38,2023-03-10 17:31:30.060479,1
67234,FWHDT4BTACZKUEQTL,65264,58768,71113,942.41,2.31,2024-05-18 23:29:22.393784,0
66035,HR1KQVHSEWXFZG50Y,73689,43041,45858,904.39,3.94,2022-05-20 16:06:24.507090,0
66307,XAIOO0KTCMQ6IJUKU,98368,92133,,462.57,0.51,2022-01-28 23:47:35.832856,1
33343,AVGFJ8WLNQV2UUY4M,82873,41946,93622,883.79,3.11,2021-12-26 13:38:52.074733,0
86922,VVU663PS0GZZTR4OC,95416,83639,66444,898.02,4.18,2022-04-23 10:44:36.262777,1
22089,XP2E65ZMS3BJ0I447,39289,93527,36185,845.21,4.76,2021-10-01 19:13:19.816427,0
31014,04ZJFQEXZ7UCZPJ6B,90616,39207,,533.3,2.2,2023-06-21 13:19:17.074183,1
83708,XAIOO0KTCMQ6IJUKU,50570,41946,61270,434.97,1.02,2023-02-07 10:31:04.394054,0
18441,Q3QWN3NOLDV3JIMJ0,30062,31484,96530,263.15,3.58,2023-03-27 04:10:15.114805,0
79011,0SF0XUJLHO3VPS0C9,59045,65674,93622,512.48,,2021-04-06 11:58:26.462724,0
37458,Q67XCIK2JL7YO0NP0,59045,01120,,392.43,2.33,2024-08-11 10:06:43.047935,0
18009,OHGZTM3ZUZ1SFP2VR,45350,81110,45858,382.81,0.6,2025-12-13 21:49:04.891200,1
80147,W7EFVIVL83UVVCXFI,58359,77811,37714,230.44,3.84,2023-10-11 08:00:17.060949,1
34920,S2AUR9FT08FYHTQD3,79057,60914,99275,551.13,,2022-04-21 02:24:07.727900,1
80358,MOINYDLJFN5RSYOR0,98247,93527,06280,891.15,4.4,2021-07-09 21:17:18.457374,0
16738,CO6BD0M4II8ONUOD4,33370,41126,21063,238.63,3.96,2021-02-24 10:58:06.436078,0
96950,Y4G8332AMSMTTHP1F,76397,81110,41108,218.04,1.98,2025-02-16 10:12:48.085290,1
19164,0SF0XUJLHO3VPS0C9,02262,87375,,124.18,4.88,2025-03-04 02:46:08.041352,0
07806,QM150KIZF62QMNTZW,48537,34625,,118.3,3.55,2023-03-15 04:43:47.097139,1
12791,U0RAHKH8EDY10292J,21030,42259,,455.85,,2025-11-13 10:05:50.205945,1
56989,8SZD5YH1E8M6NN4IB,10775,60914,73374,881.37,4.97,2022-09-28 05:24:25.677693,0
19508,Y8BLQQGXLO044G988,00938,49477,30804,667.27,3.8,2023-12-15 09:43:58.454153,1
32954,MIA3TR08SNQU7W5D5,20697,29553,45426,625.27,0.74,2022-01-24 10:07:57.298381,1
91764,49RP4C5RT82FPI6MV,36952,99544,82268,147.32,0.93,2024-02-12 01:20:26.173408,1
94998,395XTFZNMQWF8OFW0,40562,02204,92272,137.45,2.11,2020-11-10 18:25:48.508591,0
33356,V5NMGFPISLB0LH1QA,18942,91741,32212,710.31,4.3,2021-05-10 21:19:59.999426,0
11222,0J1BA8X8I7Q0EZMPV,51207,20593,55897,475.9,1.1,2024-03-18 16:52:30.750390,0
07695,4I2R1FWNP6COO5O6K,37431,46791,23834,666.43,2.56,2021-03-14 03:50:19.077573,0
85332,0LFZV39V336IJSHQG,42566,01013,98554,668.37,3.42,2025-04-01 01:49:58.193685,0
86864,22MZ872PBLHU5ZXRL,21873,08119,71113,250.44,,2020-04-14 03:18:12.894793,1
18064,DT09K6ZIR9VQP7ITH,45850,29553,23834,154.47,0.57,2023-07-09 02:03:04.691343,0
02191,WBCNESGDH8VIXYLJA,11814,36682,19623,856.69,1.49,2022-12-28 13:30:07.006039,1
64640,22MZ872PBLHU5ZXRL,45142,61535,,748.28,2.86,2021-07-26 13:20:01.109812,0
92955,UL3KY9TCXC7OJWK1R,45142,61172,35848,124.3,3.57,2022-04-27 10:50:25.652618,0
50943,GXSTDH2J0MN0P0NRY,17990,34625,,558.64,0.89,2022-02-24 01:53:45.496213,1
39008,NZMEPS63WWIBWQO8I,23022,57649,40373,343.8,3.93,2024-12-29 17:40:55.240526,1
88633,VVYVDBXGZ5DL3GN5V,04071,77371,,467.28,4.45,2024-06-25 14:24:07.456928,1
40915,1KU1Y438NMLZBDJZJ,00938,04705,60584,627.25,3.2,2025-03-20 09:41:46.613143,1
79661,2L7UE45T9MDUNIO58,92689,63632,,536.57,4.02,2020-02-09 23:06:36.281975,1
14456,ICMUTGSD1FRZTP5T6,67020,36682,08265,191.29,4.52,2020-05-10 15:13:44.528039,1
64691,NFT5VMIDFKVPZKW23,23881,60788,17768,330.6,4.76,2024-05-13 06:14:48.338527,1
94515,O4O16HKRAJCY2C8DJ,76934,87524,28400,114.07,3.81,2021-08-27 20:50:21.174465,0
57645,YJNJICNR2TRVOQGCL,51201,12803,69138,724.45,2.7,2023-05-02 19:28:26.296974,0
42005,QP5Y0XYWXXSDGLI1M,35385,21066,,604.06,1.57,2021-08-24 07:29:26.946097,0
86138,AKYB7RPZS7MKB4S31,18625,95084,51784,973.87,2.23,2021-02-14 09:24:43.697680,1
54513,608NTLOJL511SQHSW,58641,68988,,649.1,2.05,2024-02-23 17:05:10.611949,1
94614,DY4AJLWQMJYRRKNOK,94540,67720,35848,853.68,4.22,2021-11-18 22:59:11.222055,1
83987,L21DOI5I9KJK4IAL1,66255,87524,,592.17,,2020-10-04 23:59:52.485863,0
08991,MBAVICXEBBFSWMEJY,08603,77811,93622,249.96,4.77,2024-03-05 20:02:31.261276,1
03620,R34U8H7XYE8YQNDN8,51207,81110,25173,564.15,4.22,2024-04-14 23:05:27.276568,0
49783,U0RAHKH8EDY10292J,26318,58322,85200,970.9,,2022-04-28 19:58:25.189057,0
21362,6UHEHS2S3W8K69867,81533,65954,,873.73,1.57,2020-08-05 10:50:27.517807,0
05501,N4BPJG8MIFRNBD2A2,32265,44749,47478,899.11,4.24,2024-04-09 05:29:35.151593,0
84741,DT09K6ZIR9VQP7ITH,51137,87239,55854,274.09,1.35,2020-02-17 20:18:41.374973,0
40857,I33ITSN5EM4ZJTG16,77071,63632,97322,538.77,4.67,2022-07-10 05:09:11.950836,1
54980,IXU267GR7AT61SBCQ,57839,31276,99602,745.73,1.36,2025-06-03 20:29:49.885693,1
11962,AKYB7RPZS7MKB4S31,83620,31276,83267,406.15,2.7,2025-11-08 14:39:33.343917,1
61461,PKYIUP2RY41F9VRAM,27728,58768,,785.34,4.23,2023-03-28 18:57:07.764174,1
11878,2JEUY78D9QD5W3TE6,66143,90723,99275,342.79,2.26,2021-07-31 06:43:18.807813,0
62938,02ZRR914CTSASNV5R,65737,17837,93672,193.53,0.88,2020-02-06 08:05:39.601501,0
68228,Y4G8332AMSMTTHP1F,14322,92133,61270,742.31,,2020-08-08 09:23:12.611354,0
21227,15M4ZRPQID9AXD3VR,38960,92133,12381,970.42,1.6,2020-08-08 12:33:23.542886,0
87972,EGRIBHZBZ6WVQX093,97260,90723,54279,295.77,2.78,2020-09-24 19:52:08.155282,0
96637,4DRSVHSIWB4QI4HKV,60691,42259,16417,323.82,1.89,2021-01-26 16:29:33.052310,0
97093,LEG99AWQVIH40KIT1,00884,48709,32212,450.68,1.9,2023-04-17 22:06:49.808419,1
60228,PMFEBDMDTL39RQ3GM,40209,24557,01264,163.46,3.63,2023-07-16 08:06:41.941924,1
44660,L3ED2VN0OFOWYZEFO,42497,90723,21110,906.61,3.88,2020-10-11 00:50:35.110610,1
22523,O8MC24V4ISCUPB78Q,90690,45052,10419,522.32,4.22,2021-06-14 01:30:13.431113,0
17559,B0L5YF52H1ESZ32Y8,52386,48816,09564,411.8,1.96,2023-07-12 16:05:40.755220,1
67982,46JNT4RYSX7USTQSN,43936,62181,,269.77,3.63,2022-10-08 20:15:13.823472,0
59490,IEUD7WBX7OL6QFODE,15165,86365,41726,470.35,4.84,2021-05-03 07:47:51.625206,0
38165,OKVFB7VXPK2EMPL57,23022,77013,16301,257.92,4.11,2024-02-04 06:19:30.527623,1
17421,1A7M95W5YQ4TG7IWO,62593,68988,,813.88,2.17,2022-10-23 07:05:43.650709,1
58372,60CL2POQXMN7U2Y0M,66143,53638,48744,793.25,1.69,2022-05-12 08:51:57.436036,1
37111,W5Z7PUHEPUPK18GFH,62318,87375,95065,909.89,0.54,2023-01-05 05:47:33.799683,0
88612,LOHRGG756EX466WOA,11285,48709,,566.81,,2020-09-29 09:53:58.107021,0
84380,VPCUFS413K1EQKPKA,23881,92133,08526,952.07,3.65,2022-12-26 05:14:39.853684,0
58166,RRSU5RSSCG4TVXHJE,65737,53638,,665.9,3.63,2020-08-24 10:21:22.904978,0
38190,NDCB9T6I0FLAST2WT,36465,97186,95602,322.74,4.68,2025-04-25 09:12:54.053995,0
52758,LOHRGG756EX466WOA,31086,95084,64430,787.54,2.52,2023-07-13 20:28:05.110951,0
49008,LW9M5OMKP8PAEJQ8L,48633,23732,,872.37,1.91,2024-08-07 11:31:10.327451,0
94795,7M8Q2J3WAUHPDDR2V,61278,40964,37714,213.72,2.95,2020-08-11 10:13:16.916949,1
29510,B5ANHWR3WFZSGZLK8,52699,77371,71627,150.85,1.24,2022-01-09 22:13:38.208231,0
16346,3FAEQPI25VP8PVESX,43007,43041,67456,504.01,1.49,2022-08-20 17:42:49.705441,1
64026,FWHDT4BTACZKUEQTL,65264,23732,01264,344.05,,2024-11-09 15:09:16.085404,1
57704,XAMQUZQFDP90SPAWO,38717,71209,28400,213.73,1.02,2022-12-20 01:09:02.016739,0
15587,2Q41RNI9CNBI5GJ6E,62885,03508,,650.98,4.56,2025-12-28 03:23:40.160161,1
29399,W5Z7PUHEPUPK18GFH,66255,42259,95602,450.78,4.3,2020-06-09 17:04:00.166479,0
02697,PHRQ4N87OYE66DY2W,36926,83170,61121,484.2,3.21,2023-01-08 14:47:22.127414,1
93512,X0BVVK4KMFVIBCS3X,08684,62181,21110,431.67,,2023-04-15 14:43:37.821532,1
81934,XXIBTG32BPGXN06RF,40562,95966,79717,964.41,0.66,2023-03-18 02:39:17.880959,0
26096,04ZJFQEXZ7UCZPJ6B,57839,45052,83897,738.11,2.34,2025-01-03 15:27:21.915435,1
68298,3F8ASYZ78RDEKWSI6,29268,61535,61270,779.08,3.59,2023-10-15 15:59:58.033521,0
36127,NDCB9T6I0FLAST2WT,89666,06166,35140,146.75,2.54,2023-02-17 10:46:11.085820,0
12143,4DRSVHSIWB4QI4HKV,59045,31856,41108,754.74,4.77,2022-01-31 11:28:56.858770,0
15188,MIA3TR08SNQU7W5D5,49785,67549,37959,594.96,3.87,2022-11-21 03:39:20.934307,1
43164,O8MC24V4ISCUPB78Q,36399,99544,82007,436.38,2.98,2020-10-14 16:37:44.981088,1
91410,MQE0KJK2QVXIPY6DN,20179,53638,08630,596.81,4.06,2023-06-14 15:26:01.833068,1
54021,E7YPDZH5NF3BSZN1Z,31086,63632,96932,232.94,3.91,2020-03-15 22:15:32.420481,0
92750,49JELVGR34QRYZXWO,48537,49477,,449.42,1.13,2023-01-03 11:45:23.401736,1
45859,H9EPTM8U2D8MRG54U,23955,87239,,510.21,2.22,2022-08-05 13:25:48.837988,1
68966,IBBEIRJW2KSSK1OJ0,65264,71209,09114,486.63,1.19,2025-06-19 19:18:50.954452,1
34983,04ZJFQEXZ7UCZPJ6B,61594,68726,08265,505.64,3.89,2023-11-21 07:48:38.891832,1
15288,8CCAFY23W9GV60JE3,37077,82417,59089,247.33,2.68,2021-12-11 04:13:39.679811,0
10177,EGRIBHZBZ6WVQX093,39289,08782,70417,457.16,0.68,2022-02-07 13:32:02.313560,1
93559,OA34KDKJBQC9W16NU,21030,77811,21541,661.7,,2024-09-06 14:06:47.913195,0
26183,WNMEZXQUCJC3OVHW0,10540,87524,98554,484.18,4.49,2022-01-30 22:34:11.245151,0
47423,MOINYDLJFN5RSYOR0,63564,95966,36185,587.73,2.32,2021-09-10 21:41:02.392032,0
98429,0LFZV39V336IJSHQG,04071,38019,16685,871.77,3.59,2024-02-10 05:35:03.359368,1
89033,3FAEQPI25VP8PVESX,65285,03508,50747,319.87,,2025-01-23 09:14:15.874022,1
33200,USD1HH58FSNAN7U22,68204,23799,32526,780.56,2.19,2020-05-08 12:42:48.671030,1
46437,XAIOO0KTCMQ6IJUKU,26106,65674,67087,267.1,1.3,2024-03-16 06:48:32.471754,1
35324,9O87AB0BB50PTG4KH,49389,87375,16417,602.53,1.6,2023-05-31 07:48:12.914125,0
13040,EAO4PFGHJADLHZ7S3,90616,77811,,356.23,1.23,2020-05-19 05:32:07.490026,1
12834,O4O16HKRAJCY2C8DJ,42207,55313,93672,873.04,,2025-07-20 16:13:13.738578,0
61439,B5GMXHKSI25P6H3PC,63564,42259,91782,258.83,3.88,2024-01-10 15:15:19.099240,1
04987,V8URF3K2R1F307OYU,51207,62181,53485,344.81,4.12,2025-12-29 13:25:28.791914,0
81547,LW9M5OMKP8PAEJQ8L,11412,92133,44943,589.05,3.87,2025-03-11 16:32:03.067435,0
96517,7M8Q2J3WAUHPDDR2V,33370,36682,41726,714.49,3.85,2022-01-24 16:07:04.604207,0
93349,HR1KQVHSEWXFZG50Y,02276,76167,01583,635.8,1.9,2021-02-15 00:29:37.479770,0
48862,CPTJBDLPHDLVG6LEI,26318,79378,01264,193.91,4.57,2021-10-18 03:20:16.477556,1
17062,O4O16HKRAJCY2C8DJ,36465,63632,53475,413.52,2.75,2024-11-18 19:15:16.566918,1
30156,H22QP5D7GNBMWSLZ2,37406,44749,16417,353.14,4.2,2024-03-12 20:00:29.676512,0
29884,6LSE9WP9VH8Z10DPV,70771,27651,16685,972.18,3.1,2024-01-18 21:48:27.810751,0
44282,RDS9NE10FNXCTMEQL,26844,49364,41726,657.57,4.13,2024-03-20 20:23:32.821816,0
86774,5FFWLCSPVFD2G6JUV,04202,90723,47478,858.62,3.25,2023-12-29 01:37:29.768978,0
89409,9JD94L3DR880KJ3WP,11412,12803,34471,275.89,1.35,2025-02-03 06:53:02.130087,1
09530,8D19GP79XE3FYC3UK,41446,71243,08526,436.41,3.03,2020-10-08 13:40:53.486079,1
05928,GXSTDH2J0MN0P0NRY,00927,97186,83897,370.16,3.78,2021-10-18 07:40:07.686252,1
90892,WNMEZXQUCJC3OVHW0,76627,79378,,201.23,2.53,2022-11-08 08:45:08.523344,0
57220,57RMYRVJD9R02F3W8,21271,77811,96132,456.21,3.99,2020-12-11 02:50:29.880281,1
90067,Y0AUE8ZWNVTCMRHP5,16082,83170,37007,423.46,3.79,2021-09-20 13:07:42.976193,0
35302,85236OCWNHWJAQPUJ,30062,77371,50747,601.83,0.59,2021-02-19 05:00:40.974614,1
15685,0LFZV39V336IJSHQG,45142,81110,,763.35,2.62,2020-10-19 20:21:24.106045,0
88440,K0MG4SLY2IXMBJGSB,51873,74748,16685,109.19,3.32,2020-08-03 20:12:46.382188,0
98682,SMD5XAICD3GPCKZ3W,36465,36682,,789.3,2.44,2021-10-10 15:03:34.127456,0
99352,CPTJBDLPHDLVG6LEI,13700,93527,,942.43,3.13,2022-06-24 04:59:47.661870,1
20254,FQHJDKK87DYU905EB,54566,04571,48744,978.36,4.61,2021-12-09 10:03:29.631571,0
21302,0LFZV39V336IJSHQG,35912,86365,54312,501.7,2.17,2022-08-12 06:17:24.420470,1
90529,ICMUTGSD1FRZTP5T6,81989,65954,,734.25,1.22,2025-06-01 14:12:34.103892,0
38813,RRSU5RSSCG4TVXHJE,81533,82417,35848,783.49,1.93,2021-07-09 08:38:53.646668,0
62347,1KICPCCNV3955OLR5,35163,95966,50747,447.4,4.03,2025-08-11 01:07:57.253641,1
83380,T1B56IBCICHP2IFAX,04325,53573,81739,640.99,2.44,2021-11-23 05:13:30.982984,1
36030,2XEII95KAT0UE08IL,31799,61535,21541,118.8,0.7,2022-02-07 07:25:45.946024,0
25284,O8MC24V4ISCUPB78Q,14765,62181,09776,546.26,1.51,2021-03-21 13:44:27.672628,1
15076,O4O16HKRAJCY2C8DJ,14052,43041,17768,481.57,3.88,2020-07-11 23:43:36.707678,0
70873,FSQH42DMSE6Z9WZD4,23955,61018,,786.2,4.66,2025-06-12 07:43:48.128526,1
35024,2L7UE45T9MDUNIO58,14052,71209,,251.58,1.14,2022-07-21 19:33:38.273496,1
80879,P1SFWPQK2UZFNAO09,61594,53573,53354,758.49,,2024-11-01 02:36:51.328655,1
39396,NTC62ILSBE4BZ6ACJ,26844,57649,,203.58,4.91,2023-01-03 13:30:57.202747,0
61618,B5ANHWR3WFZSGZLK8,51873,87375,06280,958.39,1.5,2022-12-29 01:23:23.620755,0
35786,RDS9NE10FNXCTMEQL,21271,36682,51304,969.24,4.91,2021-05-12 19:50:15.651451,1
34092,1B03J8LDYOAZ46JMO,83766,40634,54312,547.62,1.61,2023-09-11 11:20:49.432494,1
77331,AWX44EEUHDP2OPXO7,08684,81110,33477,544.15,4.7,2020-03-28 12:13:35.854782,1
80879,SPCXVTUB4OGCM80IV,18036,67549,66444,490.93,,2022-12-23 15:51:39.538884,1
65748,ZB4O3COKDXM5VMVM1,67020,02204,61121,507.18,3.58,2020-01-09 08:55:26.645351,0
48419,X0BVVK4KMFVIBCS3X,57438,68988,,732.78,3.54,2020-03-22 15:00:09.711395,1
20504,22MZ872PBLHU5ZXRL,34899,77013,61966,917.42,,2020-01-16 21:08:58.118223,1
43022,02ZRR914CTSASNV5R,10540,53573,41433,810.77,1.46,2025-01-10 06:43:16.440267,1
74618,3MNI3U1XZB6JQ42TI,76444,61018,,377.31,4.8,2024-04-16 20:14:19.150231,0
84933,AVIR8CGC8S3H7DPAK,42207,55313,,602.86,,2024-07-22 00:52:58.288372,0
08850,OKVFB7VXPK2EMPL57,21873,39207,83882,272.04,4.26,2021-03-09 16:29:56.512441,0
28499,LB9EJWLI75AZ3U9RZ,17990,28200,81739,652.5,4.82,2025-09-02 17:39:28.312549,0
14909,1B3Y0JV7MMM3MEIDD,26316,40964,32526,373.46,1.75,2024-03-04 13:59:49.808041,0
48029,85236OCWNHWJAQPUJ,66255,83639,37714,361.77,0.89,2021-10-03 15:20:11.147938,0
33344,6NFHF7ZN7ZI8ZL22U,65264,27372,19623,482.21,,2025-08-20 01:06:53.313808,0
22750,M2C0SZY44MXWZ95H2,62891,83639,51304,897.05,1.63,2020-06-02 00:03:59.922361,1
85731,RM08D7RDSUV40RR8M,74781,08782,63930,615.52,1.57,2020-05-12 02:19:29.814204,1
16158,1A7M95W5YQ4TG7IWO,95416,45052,67087,844.71,3.87,2025-07-01 01:18:10.473157,1
41720,41X8I32ECC277NSB9,81989,95966,70417,194.9,2.65,2025-03-04 11:04:08.382703,1
62736,PZRSR5J0UTBNKVVLS,10540,53573,21063,663.26,1.37,2025-05-03 16:43:17.953168,0
57999,VVYVDBXGZ5DL3GN5V,55320,61018,34471,666.61,2.05,2022-05-24 03:46:45.651793,0
75390,O8MC24V4ISCUPB78Q,21517,27372,91782,763.89,1.98,2022-04-18 11:30:40.013107,1
50955,MWQCZK8NOU31EV5R2,40209,86667,67596,745.8,1.53,2021-04-22 10:05:01.664524,1
79210,NOA3XH9NVEERPW4Q4,04071,28200,33477,805.83,1.13,2025-08-01 13:10:21.746401,0
88031,U0RAHKH8EDY10292J,70021,76724,96530,982.37,2.7,2022-03-05 12:11:34.646034,1
69281,X0BVVK4KMFVIBCS3X,59045,55313,98554,522.83,4.09,2024-07-20 20:16:24.224459,1
47238,DYQZDL23H7O0F9NR4,83620,71243,01264,674.68,0.64,2024-10-14 14:34:05.635261,0
52510,Y0AUE8ZWNVTCMRHP5,26844,71209,18706,373.8,2.41,2024-12-21 03:48:45.921620,1
33337,PLGWX6ZZ3NA6EMSZT,90250,77371,96129,571.92,4.09,2021-07-23 01:49:56.251958,0
59484,VHI2HUKZTUCC1SSB6,34216,79378,93672,104.34,2.38,2022-09-10 09:22:28.024240,1
80665,AKYB7RPZS7MKB4S31,23022,27651,38739,985.67,0.68,2022-05-06 01:05:16.340177,1
74918,VF5YHQ2PE2LPVNISS,66255,23799,67596,481.0,,2022-10-24 17:07:09.256661,0
35568,0J1BA8X8I7Q0EZMPV,05007,71243,74538,201.49,4.03,2024-12-22 08:10:06.685362,1
87657,FSQH42DMSE6Z9WZD4,67020,31856,96129,339.06,0.57,2020-07-02 02:46:21.017095,1
26523,T1B56IBCICHP2IFAX,83620,41126,60584,845.56,,2020-12-29 05:48:51.456274,1
88260,9O87AB0BB50PTG4KH,76934,51759,,189.07,2.23,2024-01-05 12:29:38.868470,1
74961,1AZ04RY3G9APGVXZA,54000,83639,49153,254.13,,2025-12-04 06:17:36.204772,0
43302,LW9M5OMKP8PAEJQ8L,40910,12048,79717,510.04,1.11,2024-11-16 14:29:14.707327,1
00612,04ZJFQEXZ7UCZPJ6B,51207,86365,,855.68,4.48,2024-09-02 10:13:30.157828,1
81333,B5ANHWR3WFZSGZLK8,76627,76724,19623,516.92,2.83,2020-10-06 01:04:34.599951,1
83148,WNMEZXQUCJC3OVHW0,59045,33556,62424,874.01,2.56,2023-11-12 08:03:37.825002,0
02570,22MZ872PBLHU5ZXRL,62593,44749,38739,540.58,3.36,2024-07-19 22:28:49.590466,1
28771,WNMEZXQUCJC3OVHW0,65916,28200,26958,498.95,2.15,2022-05-02 19:04:42.035196,0
10300,AVIR8CGC8S3H7DPAK,98687,45052,97322,618.59,1.31,2023-08-01 20:36:16.242036,0
42214,AA3A4TREARX38C4YQ,15165,40964,68502,143.82,3.3,2020-01-10 14:20:22.767125,1
98876,XP2E65ZMS3BJ0I447,66143,21066,10845,509.32,4.49,2024-02-19 01:59:13.659383,1
20180,5RF8MJY0NAHKGJDKG,61018,24557,45426,710.62,,2025-08-22 08:35:47.629708,1
52400,FGRC3BZLVTTHI4Q6Z,57438,45052,,547.1,1.0,2025-04-02 01:58:02.473481,1
52669,1B03J8LDYOAZ46JMO,39289,95084,,392.55,1.72,2022-12-13 16:09:41.988667,1
87071,M2C0SZY44MXWZ95H2,54000,49364,96530,230.84,3.82,2020-09-06 11:07:38.365350,1
12017,BWBER3UA03D406E22,22066,57649,35269,901.61,,2025-03-02 19:51:39.128066,0
82421,ZGXR3JR9CWRLW4G94,43007,02204,55854,368.3,1.46,2020-01-06 15:52:44.828668,1
90322,WBCNESGDH8VIXYLJA,26316,44749,,163.73,,2024-07-16 12:09:00.860300,1
87350,HUD7XQA741INBTDKK,60691,24557,47478,144.02,3.93,2025-03-01 22:12:47.415511,0
26138,59276Z2E1OZJQODYH,81979,04705,23179,402.41,4.85,2020-04-10 21:52:49.555007,1
25810,187R30TJGOE2FP8K0,61278,58322,45858,168.99,4.54,2023-01-06 12:31:49.095764,1
66260,1PFSS06IV73SHWND3,86579,17837,23834,100.5,1.81,2022-02-04 10:35:04.012920,0
23847,Y8BLQQGXLO044G988,88680,61172,,939.99,3.29,2023-03-21 20:10:14.184588,1
98274,PEU49TZM8BK5HY3X4,60900,48816,30439,356.42,3.02,2024-08-26 05:32:41.307882,1
99569,PHRQ4N87OYE66DY2W,04071,76724,62424,372.52,0.84,2025-10-12 01:08:59.341428,0
48880,MIA3TR08SNQU7W5D5,82017,34625,93672,465.41,1.53,2025-06-21 08:19:04.098884,0
66695,LRIY6J5EM2O8H7OCO,05007,65674,74261,853.85,2.14,2021-12-14 12:32:04.509139,0
76979,L4VPL9P9K0T1DL9WD,81533,86667,92272,426.18,1.75,2025-11-11 23:02:48.872379,0
08526,L21DOI5I9KJK4IAL1,71981,77371,07886,295.26,2.07,2023-10-07 14:36:05.791558,0
09373,CPE4N0EI9DMD8YR13,29268,28200,,272.6,4.67,2021-11-03 07:42:17.966918,1
14063,U6MEQ9J53G01H0BAR,91940,21066,,123.28,0.94,2023-03-20 11:29:51.771816,0
88645,O8RF6BMDF49TD4QJA,22066,53573,26018,797.31,3.99,2023-01-20 08:24:42.837890,0
72301,6NFHF7ZN7ZI8ZL22U,24582,21066,,321.12,3.59,2021-10-28 08:09:12.378464,1
94754,4DRSVHSIWB4QI4HKV,62318,62181,65916,534.92,2.13,2025-11-19 16:38:22.321001,0
11138,MP8C66X94P2ZH4SUS,80824,99544,,502.38,0.67,2021-12-12 07:13:54.590228,0
08934,IBBEIRJW2KSSK1OJ0,21271,60788,,718.21,3.82,2024-09-24 01:50:53.384375,1
60151,E7YPDZH5NF3BSZN1Z,62318,74413,50747,733.8,2.61,2020-08-04 11:57:33.179911,1
62277,YJNJICNR2TRVOQGCL,62891,70015,43738,187.19,0.67,2020-05-28 18:11:17.267776,0
59530,X4HD4QMP628CGH831,65737,87524,09114,517.12,,2023-04-04 10:42:10.265257,0
77309,F0WH9WPPI0T1762HZ,70021,21066,46923,562.85,3.19,2020-10-02 16:44:53.153927,1
12320,8SZD5YH1E8M6NN4IB,62891,02204,67596,182.43,3.65,2020-10-09 21:43:50.466534,0
75313,CAEJXJFWRKNEX1EHH,76934,24557,21110,259.12,2.2,2021-01-20 11:47:36.553672,1
92160,6KJDQ8EFJBOTE532H,05736,44749,75267,131.85,4.01,2025-07-21 17:35:28.752191,1
15868,OA34KDKJBQC9W16NU,92689,12048,,207.37,0.97,2025-09-09 08:39:51.518235,1
16548,JDO6OE8K1WROFBJUG,05736,04705,85200,802.0,2.9,2020-09-13 16:43:00.616076,1
61274,LR93QO4L2PP5UWTE8,51207,58322,,588.14,3.36,2023-09-02 13:50:58.716709,1
20929,E20VCNO51ZITFQGQX,23955,08119,61966,516.33,4.32,2020-04-15 22:22:44.787793,1
27957,IEUD7WBX7OL6QFODE,16082,53638,01583,298.63,1.49,2022-03-24 13:00:52.168440,0
78230,MXE1E254SDF6EBNGQ,79057,74748,16417,671.79,2.01,2023-06-14 13:17:04.515995,1
86133,HWTQND35VN1GK5TX7,62318,58322,16292,860.36,0.81,2025-07-12 05:21:07.774457,1
40822,XQA56H09QV99U9FZS,20179,87524,23834,213.0,4.67,2023-10-24 01:31:13.520138,0
86980,CCVIGEXYKSUAIBO41,21271,95966,54279,966.13,3.98,2024-10-10 21:50:38.683345,1
46362,7WYO6U4M805PK28VN,73569,31484,68502,684.42,2.23,2021-07-01 12:02:45.968261,1
43066,6A4BVRQIPVCFM97G0,16082,94665,21110,726.39,4.22,2020-09-24 11:35:56.904307,0
48867,0MY5A54LDC7JKQHKY,35163,49364,32212,458.65,,2022-08-19 06:58:11.204941,0
99366,0LFZV39V336IJSHQG,11814,49477,02518,902.49,0.73,2024-08-10 12:30:24.123309,1
91142,C4F1IVWNXD2SU1343,18942,09757,,243.83,3.07,2024-01-25 16:02:17.384289,0
54485,SELR87Q508S6DW82P,11814,62181,37959,768.62,4.91,2021-09-11 10:32:49.060305,1
77423,X5PN6A8ZOO2NNKR1G,98687,61535,15241,584.6,,2024-07-21 03:16:42.105353,0
38163,KFFPLJOVW9BEJO6AN,00951,79378,21541,508.54,,2024-10-16 11:42:49.706903,0
46473,F0WH9WPPI0T1762HZ,76037,76724,54312,416.83,3.11,2021-10-23 00:19:44.969340,1
58599,V6C9BMKN2JMDKX0DR,55320,63632,,146.96,2.13,2021-11-07 00:16:24.538137,0
30696,3FAEQPI25VP8PVESX,39289,77811,40373,775.25,,2023-03-06 17:07:43.653040,0
89433,W5Z7PUHEPUPK18GFH,45770,58768,18706,903.19,0.94,2022-06-09 03:39:51.222608,1
77682,6NFHF7ZN7ZI8ZL22U,34988,12048,30439,482.71,3.99,2020-12-24 11:11:05.626244,0
26841,WNMEZXQUCJC3OVHW0,08603,12803,82173,206.18,0.65,2022-12-27 18:49:47.414509,1
70829,1P05KNRQVUWHHJ98S,45350,43480,23038,771.76,0.71,2022-01-23 13:47:28.121190,0
53713,1YPN5AKSI4KX5L7EK,26844,96746,,344.53,1.17,2023-11-16 01:31:09.266960,0
90503,1M02T3QWYMSSOV71N,35163,81110,21110,588.88,2.04,2021-04-13 08:54:43.987620,0
50630,O4O16HKRAJCY2C8DJ,80824,08782,17768,219.42,2.29,2023-05-05 16:21:40.333776,0
18095,R34U8H7XYE8YQNDN8,73345,95084,23914,422.3,3.39,2025-11-18 22:02:22.622170,1
71447,QSW2XQ4ZSIGVI0ELW,74781,03508,09776,335.43,1.0,2023-03-13 00:11:36.583371,0
66546,HG7S0F9DMOTVZU74S,05007,77371,09776,305.44,3.88,2020-09-02 17:04:32.852761,1
21317,NOA3XH9NVEERPW4Q4,59045,74748,35848,979.2,2.72,2023-07-11 08:10:16.584825,1
59614,UB9GY654BBGKW2SDN,26844,70015,32526,923.11,3.08,2025-07-30 00:51:38.905815,1
51043,JDO6OE8K1WROFBJUG,31799,49364,53485,623.49,0.5,2025-01-14 05:24:30.218684,1
53184,KYXK6TLNZ6T5MS8OQ,73345,31484,66444,310.12,3.56,2021-01-15 15:49:59.733171,1
93827,V5NMGFPISLB0LH1QA,24628,21066,09114,478.4,3.98,2024-11-25 02:23:46.454170,0
75419,KYXK6TLNZ6T5MS8OQ,00938,70015,,225.39,,2024-05-13 00:52:28.224916,1
72331,QM150KIZF62QMNTZW,30062,53573,50747,485.61,1.77,2020-07-11 00:41:23.614616,0
73108,EZYASSRVGELM18RTT,56853,17837,,631.33,2.13,2022-06-20 20:06:26.788151,0
57869,SPCXVTUB4OGCM80IV,08684,41946,,541.28,,2023-09-22 05:24:37.045932,0
02139,ZGXR3JR9CWRLW4G94,68204,61535,09114,704.59,4.26,2023-10-30 20:42:34.178931,1
20629,9ENNE39WQ0PVFF8KF,76397,01120,,172.64,1.49,2024-01-31 03:00:03.566301,0
24541,A8B2PV73EM6TIV5SW,26844,68726,96530,651.08,4.12,2020-11-06 18:33:00.480993,0
58186,9ENNE39WQ0PVFF8KF,21562,48816,54079,993.09,2.08,2021-09-26 08:43:24.939843,0
67065,AWX44EEUHDP2OPXO7,14322,68726,61270,887.76,0.94,2021-03-13 04:01:57.040363,0
21394,FAROPZPZHWNFXCU2V,61590,01013,01264,995.33,4.7,2021-07-20 22:28:59.969615,0
85432,QP5Y0XYWXXSDGLI1M,45142,95966,81742,799.93,0.84,2022-11-16 13:10:20.310959,0
31321,B0L5YF52H1ESZ32Y8,04071,31856,53354,414.57,3.94,2025-02-02 12:27:56.423921,1
64294,KFFPLJOVW9BEJO6AN,11814,58768,10845,241.12,3.49,2022-02-03 03:40:45.397594,1
37216,LEG99AWQVIH40KIT1,38717,61018,,712.31,1.34,2021-02-01 18:30:34.348313,1
49173,MBAVICXEBBFSWMEJY,36952,23799,31407,211.48,3.3,2025-04-25 11:23:23.279839,0
50791,HWTQND35VN1GK5TX7,83620,61172,71105,527.4,,2024-11-10 23:52:25.968418,1
79893,8ME5M9UNHJLXEQHTB,04071,12803,07886,657.37,3.24,2023-04-20 19:57:20.588201,0
10276,NTC62ILSBE4BZ6ACJ,21873,91741,98554,700.69,1.82,2025-05-07 23:23:59.767579,1
14744,WBCNESGDH8VIXYLJA,45770,68726,,705.88,4.23,2023-07-27 00:08:29.121011,0
00787,0CTNPZ3DP8JF3XS18,43007,41126,37959,821.56,0.67,2024-02-08 03:51:30.966587,0
90216,ZGXR3JR9CWRLW4G94,89949,86365,81007,565.29,3.11,2024-12-05 07:10:04.953061,1
39609,Y6K3GYGVXNH343VM9,58359,77013,,305.71,1.51,2023-12-27 11:18:49.016415,0
72778,Z5SCC5RNHQTKW9EVA,50570,41126,33477,162.41,1.3,2020-01-03 06:09:39.761125,0
87511,8CCAFY23W9GV60JE3,68242,08119,53354,365.11,3.83,2021-04-16 21:55:14.065334,0
14412,P1SFWPQK2UZFNAO09,89224,61172,53485,464.83,3.06,2021-01-19 14:20:45.923270,1
29011,R3JJWWU63H6O0YUMQ,81979,99544,44943,746.46,0.85,2021-10-18 07:46:29.783019,0
68891,FUQ3D8UBTN0AJ1WEO,35385,02204,49153,582.49,2.83,2023-06-21 12:09:21.726087,1
53696,WCN28TD1RKTELU90E,40209,71209,,627.12,3.21,2025-01-05 20:35:50.240749,1
79172,CAEJXJFWRKNEX1EHH,13700,48709,,138.62,1.92,2022-02-13 11:25:25.841839,1
48118,0OU1Y16I7O9YXI85J,18425,38019,,233.05,0.62,2023-05-16 23:18:15.606811,1
29518,7WYO6U4M805PK28VN,39289,23732,82173,774.49,3.94,2021-04-13 07:59:34.332800,1
67570,K0MG4SLY2IXMBJGSB,21873,70015,,164.15,4.06,2024-12-31 20:58:22.919304,0
57725,I33ITSN5EM4ZJTG16,66255,61535,25173,222.65,,2023-10-04 22:16:38.198104,0
08672,ZFRN4WCCBPRT75AJA,05007,68726,91782,685.4,3.05,2023-09-26 15:23:34.233963,0
96485,1D0ZQMBPIX3T3A10I,33370,24557,30804,306.12,1.06,2024-07-01 20:42:26.613636,0
37504,O8RF6BMDF49TD4QJA,37165,71243,,921.36,1.75,2021-11-22 15:35:17.259493,0
94519,7CBBHJ2G93LY5IVUR,83766,38019,93622,487.42,,2025-02-22 23:40:17.279658,0
05923,YKU6EVO5BXIXSKRQU,92689,23732,83897,404.52,1.54,2020-04-15 01:53:09.265868,1
38158,EGRIBHZBZ6WVQX093,33085,74748,,459.91,1.28,2020-08-25 04:31:03.039619,0
81539,OHGZTM3ZUZ1SFP2VR,42497,68988,49153,549.72,2.79,2022-08-21 01:24:18.494689,1
77309,V8URF3K2R1F307OYU,00951,95966,,509.98,,2021-05-09 07:05:23.342061,1
39629,D5UI0WHPIIKNIDZYA,21271,08782,90700,314.07,4.35,2023-04-23 21:52:09.783946,0
12731,F0WH9WPPI0T1762HZ,65737,48709,98847,814.05,1.51,2022-10-16 10:55:36.094710,1
12332,CWY0JSEDDNOGIY6QJ,85826,21066,,449.15,,2020-09-08 04:18:51.239344,0
93291,B0L5YF52H1ESZ32Y8,20697,62181,,221.42,,2025-02-07 22:10:26.140634,1
23334,HWTQND35VN1GK5TX7,92689,76724,50747,368.94,3.02,2025-09-17 13:05:23.475729,0
70065,1TM5ONOMFZ6WE17WU,61594,83639,54312,404.71,1.26,2024-01-15 14:18:57.720982,0
80242,1TM5ONOMFZ6WE17WU,34988,57649,95602,718.94,4.34,2022-03-05 02:30:25.522866,1
95194,52LM3V16TTB0Z4WQZ,67020,21066,63930,283.82,0.72,2025-07-14 08:32:09.823990,1
51344,BWBER3UA03D406E22,57839,38019,81431,335.35,1.61,2020-01-12 07:35:52.051322,1
06075,W9VZXHK5881MP33RG,10027,76167,35269,458.51,0.89,2024-08-11 01:00:59.344155,0
59953,C6TYHXQ788DZ20SFM,05007,31484,71627,877.86,,2025-03-17 00:24:46.859592,0
77433,9YCM2IQD1LQB7QDPL,51207,62181,,161.2,1.29,2024-01-20 07:37:43.713773,0
36977,V03WLDCNRPWOW280O,90690,71243,,806.35,4.77,2023-01-17 09:29:24.212330,0
60709,49JELVGR34QRYZXWO,26813,71243,93622,398.65,3.85,2020-11-07 22:04:02.594790,1
08767,VF5YHQ2PE2LPVNISS,03778,99544,30439,145.61,1.61,2022-07-07 20:50:28.603730,0
40283,PLGWX6ZZ3NA6EMSZT,23955,95084,09564,391.7,1.75,2021-09-06 07:32:53.788577,0
10277,V5NMGFPISLB0LH1QA,98247,76167,53354,116.07,4.37,2025-09-27 05:26:21.494422,0
93549,5NI0CDVTQB830QBOI,89224,34625,67596,984.01,4.64,2022-02-04 09:25:59.819964,0
95150,8SZD5YH1E8M6NN4IB,35163,81110,43738,331.38,2.14,2020-03-26 01:34:07.222130,0
59485,WBCNESGDH8VIXYLJA,45770,74413,,287.33,3.22,2024-07-07 20:56:13.121420,0
75574,B5ANHWR3WFZSGZLK8,81989,83170,53475,980.62,2.34,2023-08-19 22:21:18.111764,0
34948,H9EPTM8U2D8MRG54U,61594,96047,35269,479.86,3.96,2024-09-14 14:18:50.707094,1
43895,R34U8H7XYE8YQNDN8,23022,65954,,198.49,1.27,2025-09-02 09:40:19.826431,1
48013,ONSYFQ3AFSVEJ5USU,45350,46791,07886,139.71,0.82,2023-07-07 10:13:09.229948,1
66636,G1Z99ZJA37E76YBD3,10027,34625,,507.56,4.36,2024-04-04 03:58:18.956168,0
88358,WCN28TD1RKTELU90E,26844,77811,18706,390.23,,2022-10-10 12:01:47.445068,0
98837,Y6K3GYGVXNH343VM9,80824,82417,96932,483.91,2.92,2021-12-20 06:26:14.572345,0
27724,46JNT4RYSX7USTQSN,24628,43041,82268,185.57,1.52,2025-08-20 17:50:31.449741,0
97350,L0L2X3Z5C8Y4ZM10O,18085,46791,25173,827.91,2.68,2024-10-18 01:08:35.064260,0
93874,XAMQUZQFDP90SPAWO,66143,61535,23038,635.72,0.63,2022-05-08 04:57:57.310945,0
30223,ORLZDDI4S8MSUYR8L,30062,93527,,507.65,1.79,2023-02-10 21:05:59.261822,1
66947,8CCAFY23W9GV60JE3,41136,99544,,264.88,2.02,2021-12-09 13:32:11.775888,0
95225,1B03J8LDYOAZ46JMO,27728,83639,15241,338.84,2.22,2023-12-27 08:51:31.406557,1
22103,1A7M95W5YQ4TG7IWO,14765,31276,67087,422.58,,2020-02-25 19:22:08.021740,0
67688,0SF0XUJLHO3VPS0C9,35163,77371,18706,607.62,2.89,2021-04-08 15:09:15.455283,1
10064,WCN28TD1RKTELU90E,71981,40964,85143,950.97,0.66,2021-11-07 05:26:45.966131,1
70013,BWBER3UA03D406E22,87682,17837,,529.85,3.68,2024-08-10 14:35:21.683079,0
09432,U9M9G02NEPFKUAY2U,05736,48709,23601,711.13,,2024-02-18 12:06:09.690223,0
09223,B0L5YF52H1ESZ32Y8,76397,87375,59089,964.05,1.56,2022-04-23 10:04:10.800073,1
91594,6BS1AHDSS54F3VUOF,36952,76167,69138,682.82,1.82,2020-09-08 03:06:08.924323,0
64565,J1B9S7IZH39K0P34V,31799,01120,53475,485.13,3.26,2025-10-09 07:54:29.133114,0
80549,KU9DHQFEV9DFMDF2H,12334,43041,23834,620.59,4.0,2021-05-19 00:08:07.373784,1
70568,OHGZTM3ZUZ1SFP2VR,45770,04705,47861,615.27,1.65,2025-05-15 09:54:00.343824,1
04726,OA34KDKJBQC9W16NU,36399,60914,90700,968.35,1.6,2021-09-13 10:29:38.201711,1
23267,9X6V96HW89XS7IP0E,20697,81110,,517.63,4.95,2025-09-13 23:11:40.833804,1
11954,8D19GP79XE3FYC3UK,29268,87239,71113,327.4,1.27,2022-09-04 11:18:51.889472,1
47015,U9M9G02NEPFKUAY2U,36926,17837,06280,383.14,,2024-08-24 03:59:39.489061,1
39677,AA3A4TREARX38C4YQ,41136,23799,,533.74,2.74,2021-10-03 21:13:24.803969,0
50853,I33ITSN5EM4ZJTG16,21030,44749,50451,894.89,3.13,2023-12-02 09:27:36.508369,1
58380,PZB6HB06MJHY297IT,51137,71243,16301,488.56,3.92,2022-10-16 10:10:58.425743,1
93705,59276Z2E1OZJQODYH,45350,21066,,744.39,2.77,2023-01-19 11:11:11.311185,0
75248,1P05KNRQVUWHHJ98S,74781,94665,23601,134.23,4.17,2024-07-04 18:37:08.190938,1
26810,VF5YHQ2PE2LPVNISS,98687,77013,41726,560.28,4.26,2023-11-20 18:46:17.164066,0
46544,GXSTDH2J0MN0P0NRY,21517,40634,,552.46,4.03,2021-05-22 17:15:23.122528,1
78535,LC58EWKR9YPG6IHKW,61278,67549,44943,861.48,,2022-01-09 16:45:33.620534,1
05403,YKU6EVO5BXIXSKRQU,40910,97186,19623,299.78,0.91,2021-01-13 00:16:17.642655,1
07448,M2C0SZY44MXWZ95H2,76397,04705,07886,462.74,3.39,2020-04-11 08:07:51.014433,0
02097,JBHGLVTX2LQEHSRC7,45350,40964,10419,426.77,3.23,2022-06-09 03:21:47.597893,0
81909,LUAY0TY9DHHGTL71O,89224,29553,55897,301.02,1.26,2023-12-06 01:14:29.894007,1
87977,49JELVGR34QRYZXWO,11285,52910,,244.67,3.89,2023-08-13 21:51:41.642104,0
44474,LB9EJWLI75AZ3U9RZ,81533,36682,67087,165.48,2.05,2021-12-01 22:28:11.844755,0
84861,LEG99AWQVIH40KIT1,38460,31484,73374,267.78,2.12,2025-08-12 16:28:07.018205,1
05101,DY4AJLWQMJYRRKNOK,11412,36682,10419,666.02,3.55,2021-09-19 02:37:47.544052,1
24962,PHRQ4N87OYE66DY2W,62318,95966,17768,839.18,4.11,2023-08-18 10:40:01.781233,0
62283,DYQZDL23H7O0F9NR4,23955,04705,65682,727.72,2.28,2022-01-19 14:38:11.065082,1
